type,X,pos
X,202,G
X,627,T
X,728,A
D,1043,-
X,1536,C
X,1702,T
X,1706,A
X,2795,T
D,2918,-
X,3211,C
I,3306,C
I,3457,T
X,3501,T
D,3626,-
X,3681,T
X,3895,G
D,3921,-
X,4057,T
X,4074,G
X,4142,A
I,4185,G
X,4748,C
I,4850,C
X,4867,A
X,5793,A
D,6197,-
X,6399,A
X,6885,C
D,7019,-
X,7115,T
X,7184,A
X,7448,A
D,7595,-
X,7656,C
X,7675,C
D,7891,-
X,8088,G
X,8493,C
X,8770,T
X,9437,G
X,9577,T
D,9696,-
D,10054,-
X,10109,C
X,10750,A
X,10957,A
D,10962,-
X,11070,A
I,11766,T
I,12173,T
X,12265,G
X,12384,C
X,12387,C
X,12496,C
X,12597,A
X,12712,G
X,12893,T
X,13151,A
X,13262,A
X,13679,A
X,13746,G
X,14770,T
I,14828,C
I,14953,T
D,15006,-
I,15053,A
X,15098,C
D,15236,-
X,15305,T
X,15570,G
X,15576,C
I,15670,A
X,15758,G
X,16102,T
X,16185,A
X,16348,G
X,16360,T
I,16637,C
X,16812,A
D,16989,-
X,17162,C
X,17630,G
X,18443,G
X,18480,G
X,19041,T
I,20154,A
X,20716,T
X,20763,C
X,21828,T
X,21989,C
X,22528,G
I,23057,A
X,23468,C
I,23581,G
X,24276,G
D,24478,-
X,25221,A
X,26581,C
X,26646,C
X,26664,C
X,27049,G
X,27055,T
D,27331,-
X,27332,A
X,27869,C
X,27945,T
D,28192,-
X,28234,G
D,28392,-
X,28568,A
X,28602,T
X,28606,T
I,28688,G
I,28707,C
I,28762,A
X,29048,A
I,29192,A
I,29194,T
X,29697,C
D,29977,-
X,30246,A
X,30787,G
X,31555,T
X,31663,G
D,31984,-
I,32080,G
X,32149,C
X,32582,A
X,32854,A
X,33186,A
X,33403,C
X,33522,C
X,33823,G
X,33965,A
X,34934,G
X,35049,C
X,35049,C
X,35157,C
X,35157,C
X,35268,C
X,35630,C
X,35939,C
X,36272,C
D,36867,-
X,37000,A
D,37116,-
X,37338,G
X,37501,G
D,38447,-
X,38500,G
X,39061,T
X,39209,G
X,39225,C
D,39362,-
X,39806,T
X,40432,T
X,40497,T
X,40991,T
X,41146,C
X,41508,G
I,41655,T
I,41713,G
X,41905,C
X,42389,A
X,42482,G
X,42484,A
X,42564,T
X,42592,T
X,43339,A
X,43524,A
I,43678,G
X,43684,G
X,43799,G
X,43850,T
X,43867,T
X,43876,T
X,43913,C
X,43949,A
X,44091,C
X,44368,T
X,44373,G
X,44428,T
X,44436,G
X,44533,A
X,44566,G
X,44696,G
X,45044,A
X,45142,G
X,45510,A
X,45583,C
X,45607,A
X,45632,C
X,45639,T
X,45653,T
X,45703,G
X,45714,A
X,45806,C
X,45812,T
X,45851,A
X,45865,T
X,45905,A
X,45979,A
X,46230,A
X,46269,G
X,46748,A
X,46818,G
X,46856,A
X,46979,A
X,47009,A
X,47093,A
X,47143,G
X,47219,A
D,47224,-
X,47366,A
X,47681,C
X,47739,C
D,47872,-
X,47928,G
X,47976,C
X,48018,A
